iteration,best_fitness,best_penalty,feasible,best_x1,best_x4,best_x2,best_x3
100,5.381664284943956,0.0,1,0.4552727336864176,0.8567449838673942,3.565784938101566,6.305268964731969
200,3.8308181738741,0.0,1,0.5012386423667615,0.8740204718947628,2.5659666743630156,4.477046053668325
300,3.8308181738741,0.0,1,0.5012386423667615,0.8740204718947628,2.5659666743630156,4.477046053668325
400,3.5209907281554305,0.0,1,0.5012386423667615,0.547802775069684,2.079825064199317,6.9463810735083875
500,3.5209907281554305,0.0,1,0.5012386423667615,0.547802775069684,2.079825064199317,6.9463810735083875
600,3.5056231043421677,0.0,1,0.5178912827431951,0.8115382522555185,2.1407194403723993,4.556348316447954
700,3.5056231043421677,0.0,1,0.5178912827431951,0.8115382522555185,2.1407194403723993,4.556348316447954
800,3.3312941547600983,0.0,1,0.42749803189087043,0.5776757584279769,2.1407194403723993,6.462807145634273
900,3.3312941547600983,0.0,1,0.42749803189087043,0.5776757584279769,2.1407194403723993,6.462807145634273
1000,3.2704478154096033,0.0,1,0.5695257790503894,0.6060746029851728,1.558002492421826,5.978649630706924
1100,3.2704478154096033,0.0,1,0.5695257790503894,0.6060746029851728,1.558002492421826,5.978649630706924
1200,3.221046395665931,0.0,1,0.5705433740171096,0.6060746029851728,1.4617389659756959,5.978649630706924
1300,3.017954099513311,0.0,1,0.5012386423667615,0.5457021389895551,2.1983624319754047,5.6618584964756264
1400,2.9219634906142016,0.0,1,0.5149032607296514,0.5149032607296514,1.8505835458832696,6.061247184295744
1500,2.9219634906142016,0.0,1,0.5149032607296514,0.5149032607296514,1.8505835458832696,6.061247184295744
1600,2.9204055140166463,0.0,1,0.48299597875121486,0.529040309038047,1.927469088689406,5.978649630706924
1700,2.6409320055853254,0.0,1,0.4726375438284286,0.4726375438284286,1.927469088689406,5.978649630706924
1800,2.6409320055853254,0.0,1,0.4726375438284286,0.4726375438284286,1.927469088689406,5.978649630706924
1900,2.6409320055853254,0.0,1,0.4726375438284286,0.4726375438284286,1.927469088689406,5.978649630706924
2000,2.509333559743875,0.0,1,0.40664060064664787,0.41494078527923667,2.1407194403723993,6.574159520718819
2100,2.509333559743875,0.0,1,0.40664060064664787,0.41494078527923667,2.1407194403723993,6.574159520718819
2200,2.509333559743875,0.0,1,0.40664060064664787,0.41494078527923667,2.1407194403723993,6.574159520718819
2300,2.509333559743875,0.0,1,0.40664060064664787,0.41494078527923667,2.1407194403723993,6.574159520718819
2400,2.4815316266554226,0.0,1,0.4124236240196387,0.4124236240196387,2.251585025007234,6.383601992945243
2500,2.383366361008525,0.0,1,0.3876075211602995,0.3876075211602995,2.1128189186356763,6.765097533387908
2600,2.383366361008525,0.0,1,0.3876075211602995,0.3876075211602995,2.1128189186356763,6.765097533387908
2700,2.383366361008525,0.0,1,0.3876075211602995,0.3876075211602995,2.1128189186356763,6.765097533387908
2800,2.383366361008525,0.0,1,0.3876075211602995,0.3876075211602995,2.1128189186356763,6.765097533387908
2900,2.383366361008525,0.0,1,0.3876075211602995,0.3876075211602995,2.1128189186356763,6.765097533387908
3000,2.383366361008525,0.0,1,0.3876075211602995,0.3876075211602995,2.1128189186356763,6.765097533387908
3100,2.383366361008525,0.0,1,0.3876075211602995,0.3876075211602995,2.1128189186356763,6.765097533387908
3200,2.383366361008525,0.0,1,0.3876075211602995,0.3876075211602995,2.1128189186356763,6.765097533387908
3300,2.383366361008525,0.0,1,0.3876075211602995,0.3876075211602995,2.1128189186356763,6.765097533387908
3400,2.383366361008525,0.0,1,0.3876075211602995,0.3876075211602995,2.1128189186356763,6.765097533387908
3500,2.383366361008525,0.0,1,0.3876075211602995,0.3876075211602995,2.1128189186356763,6.765097533387908
3600,2.383366361008525,0.0,1,0.3876075211602995,0.3876075211602995,2.1128189186356763,6.765097533387908
3700,2.383366361008525,0.0,1,0.3876075211602995,0.3876075211602995,2.1128189186356763,6.765097533387908
3800,2.383366361008525,0.0,1,0.3876075211602995,0.3876075211602995,2.1128189186356763,6.765097533387908
3900,2.383366361008525,0.0,1,0.3876075211602995,0.3876075211602995,2.1128189186356763,6.765097533387908
4000,2.383366361008525,0.0,1,0.3876075211602995,0.3876075211602995,2.1128189186356763,6.765097533387908
4100,2.383366361008525,0.0,1,0.3876075211602995,0.3876075211602995,2.1128189186356763,6.765097533387908
4200,2.383366361008525,0.0,1,0.3876075211602995,0.3876075211602995,2.1128189186356763,6.765097533387908
4300,2.328407435425121,0.0,1,0.33586775131728647,0.33586775131728647,2.15283213034256,7.892977437136391
4400,2.328407435425121,0.0,1,0.33586775131728647,0.33586775131728647,2.15283213034256,7.892977437136391
4500,2.328407435425121,0.0,1,0.33586775131728647,0.33586775131728647,2.15283213034256,7.892977437136391
4600,2.328407435425121,0.0,1,0.33586775131728647,0.33586775131728647,2.15283213034256,7.892977437136391
4700,2.328407435425121,0.0,1,0.33586775131728647,0.33586775131728647,2.15283213034256,7.892977437136391
4800,2.328407435425121,0.0,1,0.33586775131728647,0.33586775131728647,2.15283213034256,7.892977437136391
4900,2.328407435425121,0.0,1,0.33586775131728647,0.33586775131728647,2.15283213034256,7.892977437136391
5000,2.328407435425121,0.0,1,0.33586775131728647,0.33586775131728647,2.15283213034256,7.892977437136391
5100,2.328407435425121,0.0,1,0.33586775131728647,0.33586775131728647,2.15283213034256,7.892977437136391
5200,2.328407435425121,0.0,1,0.33586775131728647,0.33586775131728647,2.15283213034256,7.892977437136391
5300,2.328407435425121,0.0,1,0.33586775131728647,0.33586775131728647,2.15283213034256,7.892977437136391
5400,2.328407435425121,0.0,1,0.33586775131728647,0.33586775131728647,2.15283213034256,7.892977437136391
5500,2.328407435425121,0.0,1,0.33586775131728647,0.33586775131728647,2.15283213034256,7.892977437136391
5600,2.328407435425121,0.0,1,0.33586775131728647,0.33586775131728647,2.15283213034256,7.892977437136391
5700,2.328407435425121,0.0,1,0.33586775131728647,0.33586775131728647,2.15283213034256,7.892977437136391
5800,2.328407435425121,0.0,1,0.33586775131728647,0.33586775131728647,2.15283213034256,7.892977437136391
5900,2.328407435425121,0.0,1,0.33586775131728647,0.33586775131728647,2.15283213034256,7.892977437136391
6000,2.328407435425121,0.0,1,0.33586775131728647,0.33586775131728647,2.15283213034256,7.892977437136391
6100,2.328407435425121,0.0,1,0.33586775131728647,0.33586775131728647,2.15283213034256,7.892977437136391
6200,2.328407435425121,0.0,1,0.33586775131728647,0.33586775131728647,2.15283213034256,7.892977437136391
6300,2.328407435425121,0.0,1,0.33586775131728647,0.33586775131728647,2.15283213034256,7.892977437136391
6400,2.328407435425121,0.0,1,0.33586775131728647,0.33586775131728647,2.15283213034256,7.892977437136391
6500,2.328407435425121,0.0,1,0.33586775131728647,0.33586775131728647,2.15283213034256,7.892977437136391
6600,2.328407435425121,0.0,1,0.33586775131728647,0.33586775131728647,2.15283213034256,7.892977437136391
6700,2.328407435425121,0.0,1,0.33586775131728647,0.33586775131728647,2.15283213034256,7.892977437136391
6800,2.328407435425121,0.0,1,0.33586775131728647,0.33586775131728647,2.15283213034256,7.892977437136391
6900,2.229236106901144,0.0,1,0.30670304222530215,0.30670304222530215,2.716794311794051,7.892977437136391
7000,2.229236106901144,0.0,1,0.30670304222530215,0.30670304222530215,2.716794311794051,7.892977437136391
7100,2.229236106901144,0.0,1,0.30670304222530215,0.30670304222530215,2.716794311794051,7.892977437136391
7200,2.229236106901144,0.0,1,0.30670304222530215,0.30670304222530215,2.716794311794051,7.892977437136391
7300,2.229236106901144,0.0,1,0.30670304222530215,0.30670304222530215,2.716794311794051,7.892977437136391
7400,2.229236106901144,0.0,1,0.30670304222530215,0.30670304222530215,2.716794311794051,7.892977437136391
7500,2.229236106901144,0.0,1,0.30670304222530215,0.30670304222530215,2.716794311794051,7.892977437136391
7600,2.229236106901144,0.0,1,0.30670304222530215,0.30670304222530215,2.716794311794051,7.892977437136391
7700,2.229236106901144,0.0,1,0.30670304222530215,0.30670304222530215,2.716794311794051,7.892977437136391
7800,2.229236106901144,0.0,1,0.30670304222530215,0.30670304222530215,2.716794311794051,7.892977437136391
7900,2.229236106901144,0.0,1,0.30670304222530215,0.30670304222530215,2.716794311794051,7.892977437136391
8000,2.229236106901144,0.0,1,0.30670304222530215,0.30670304222530215,2.716794311794051,7.892977437136391
8100,2.229236106901144,0.0,1,0.30670304222530215,0.30670304222530215,2.716794311794051,7.892977437136391
8200,2.229236106901144,0.0,1,0.30670304222530215,0.30670304222530215,2.716794311794051,7.892977437136391
8300,2.229236106901144,0.0,1,0.30670304222530215,0.30670304222530215,2.716794311794051,7.892977437136391
8400,2.229236106901144,0.0,1,0.30670304222530215,0.30670304222530215,2.716794311794051,7.892977437136391
8500,2.229236106901144,0.0,1,0.30670304222530215,0.30670304222530215,2.716794311794051,7.892977437136391
8600,2.229236106901144,0.0,1,0.30670304222530215,0.30670304222530215,2.716794311794051,7.892977437136391
8700,2.229236106901144,0.0,1,0.30670304222530215,0.30670304222530215,2.716794311794051,7.892977437136391
8800,2.229236106901144,0.0,1,0.30670304222530215,0.30670304222530215,2.716794311794051,7.892977437136391
8900,2.229236106901144,0.0,1,0.30670304222530215,0.30670304222530215,2.716794311794051,7.892977437136391
9000,2.229236106901144,0.0,1,0.30670304222530215,0.30670304222530215,2.716794311794051,7.892977437136391
9100,2.229236106901144,0.0,1,0.30670304222530215,0.30670304222530215,2.716794311794051,7.892977437136391
9200,2.229236106901144,0.0,1,0.30670304222530215,0.30670304222530215,2.716794311794051,7.892977437136391
9300,2.229236106901144,0.0,1,0.30670304222530215,0.30670304222530215,2.716794311794051,7.892977437136391
9400,2.229236106901144,0.0,1,0.30670304222530215,0.30670304222530215,2.716794311794051,7.892977437136391
9500,2.229236106901144,0.0,1,0.30670304222530215,0.30670304222530215,2.716794311794051,7.892977437136391
9600,2.229236106901144,0.0,1,0.30670304222530215,0.30670304222530215,2.716794311794051,7.892977437136391
9700,2.229236106901144,0.0,1,0.30670304222530215,0.30670304222530215,2.716794311794051,7.892977437136391
9800,2.229236106901144,0.0,1,0.30670304222530215,0.30670304222530215,2.716794311794051,7.892977437136391
9900,2.229236106901144,0.0,1,0.30670304222530215,0.30670304222530215,2.716794311794051,7.892977437136391
10000,2.229236106901144,0.0,1,0.30670304222530215,0.30670304222530215,2.716794311794051,7.892977437136391
10100,2.229236106901144,0.0,1,0.30670304222530215,0.30670304222530215,2.716794311794051,7.892977437136391
10200,2.229236106901144,0.0,1,0.30670304222530215,0.30670304222530215,2.716794311794051,7.892977437136391
10300,2.229236106901144,0.0,1,0.30670304222530215,0.30670304222530215,2.716794311794051,7.892977437136391
10400,2.229236106901144,0.0,1,0.30670304222530215,0.30670304222530215,2.716794311794051,7.892977437136391
10500,2.229236106901144,0.0,1,0.30670304222530215,0.30670304222530215,2.716794311794051,7.892977437136391
10600,2.229236106901144,0.0,1,0.30670304222530215,0.30670304222530215,2.716794311794051,7.892977437136391
10700,2.229236106901144,0.0,1,0.30670304222530215,0.30670304222530215,2.716794311794051,7.892977437136391
10800,2.229236106901144,0.0,1,0.30670304222530215,0.30670304222530215,2.716794311794051,7.892977437136391
10900,2.229236106901144,0.0,1,0.30670304222530215,0.30670304222530215,2.716794311794051,7.892977437136391
11000,2.229236106901144,0.0,1,0.30670304222530215,0.30670304222530215,2.716794311794051,7.892977437136391
11100,2.229236106901144,0.0,1,0.30670304222530215,0.30670304222530215,2.716794311794051,7.892977437136391
11200,2.229236106901144,0.0,1,0.30670304222530215,0.30670304222530215,2.716794311794051,7.892977437136391
11300,2.229236106901144,0.0,1,0.30670304222530215,0.30670304222530215,2.716794311794051,7.892977437136391
11400,2.229236106901144,0.0,1,0.30670304222530215,0.30670304222530215,2.716794311794051,7.892977437136391
11500,2.229236106901144,0.0,1,0.30670304222530215,0.30670304222530215,2.716794311794051,7.892977437136391
11600,2.229236106901144,0.0,1,0.30670304222530215,0.30670304222530215,2.716794311794051,7.892977437136391
11700,2.229236106901144,0.0,1,0.30670304222530215,0.30670304222530215,2.716794311794051,7.892977437136391
11800,2.229236106901144,0.0,1,0.30670304222530215,0.30670304222530215,2.716794311794051,7.892977437136391
11900,2.229236106901144,0.0,1,0.30670304222530215,0.30670304222530215,2.716794311794051,7.892977437136391
12000,2.229236106901144,0.0,1,0.30670304222530215,0.30670304222530215,2.716794311794051,7.892977437136391
12100,2.229236106901144,0.0,1,0.30670304222530215,0.30670304222530215,2.716794311794051,7.892977437136391
12200,2.229236106901144,0.0,1,0.30670304222530215,0.30670304222530215,2.716794311794051,7.892977437136391
12300,2.229236106901144,0.0,1,0.30670304222530215,0.30670304222530215,2.716794311794051,7.892977437136391
12400,2.229236106901144,0.0,1,0.30670304222530215,0.30670304222530215,2.716794311794051,7.892977437136391
12500,2.229236106901144,0.0,1,0.30670304222530215,0.30670304222530215,2.716794311794051,7.892977437136391
12600,2.229236106901144,0.0,1,0.30670304222530215,0.30670304222530215,2.716794311794051,7.892977437136391
12700,2.229236106901144,0.0,1,0.30670304222530215,0.30670304222530215,2.716794311794051,7.892977437136391
12800,2.229236106901144,0.0,1,0.30670304222530215,0.30670304222530215,2.716794311794051,7.892977437136391
12900,2.229236106901144,0.0,1,0.30670304222530215,0.30670304222530215,2.716794311794051,7.892977437136391
13000,2.229236106901144,0.0,1,0.30670304222530215,0.30670304222530215,2.716794311794051,7.892977437136391
13100,2.229236106901144,0.0,1,0.30670304222530215,0.30670304222530215,2.716794311794051,7.892977437136391
13200,2.229236106901144,0.0,1,0.30670304222530215,0.30670304222530215,2.716794311794051,7.892977437136391
13300,2.229236106901144,0.0,1,0.30670304222530215,0.30670304222530215,2.716794311794051,7.892977437136391
13400,2.229236106901144,0.0,1,0.30670304222530215,0.30670304222530215,2.716794311794051,7.892977437136391
13500,2.229236106901144,0.0,1,0.30670304222530215,0.30670304222530215,2.716794311794051,7.892977437136391
13600,2.229236106901144,0.0,1,0.30670304222530215,0.30670304222530215,2.716794311794051,7.892977437136391
13700,2.229236106901144,0.0,1,0.30670304222530215,0.30670304222530215,2.716794311794051,7.892977437136391
13800,2.229236106901144,0.0,1,0.30670304222530215,0.30670304222530215,2.716794311794051,7.892977437136391
13900,2.229236106901144,0.0,1,0.30670304222530215,0.30670304222530215,2.716794311794051,7.892977437136391
14000,2.229236106901144,0.0,1,0.30670304222530215,0.30670304222530215,2.716794311794051,7.892977437136391
14100,2.229236106901144,0.0,1,0.30670304222530215,0.30670304222530215,2.716794311794051,7.892977437136391
14200,2.229236106901144,0.0,1,0.30670304222530215,0.30670304222530215,2.716794311794051,7.892977437136391
14300,2.229236106901144,0.0,1,0.30670304222530215,0.30670304222530215,2.716794311794051,7.892977437136391
14400,2.229236106901144,0.0,1,0.30670304222530215,0.30670304222530215,2.716794311794051,7.892977437136391
14500,2.229236106901144,0.0,1,0.30670304222530215,0.30670304222530215,2.716794311794051,7.892977437136391
14600,2.229236106901144,0.0,1,0.30670304222530215,0.30670304222530215,2.716794311794051,7.892977437136391
14700,2.229236106901144,0.0,1,0.30670304222530215,0.30670304222530215,2.716794311794051,7.892977437136391
14800,2.229236106901144,0.0,1,0.30670304222530215,0.30670304222530215,2.716794311794051,7.892977437136391
14900,2.229236106901144,0.0,1,0.30670304222530215,0.30670304222530215,2.716794311794051,7.892977437136391
15000,2.229236106901144,0.0,1,0.30670304222530215,0.30670304222530215,2.716794311794051,7.892977437136391
15100,2.229236106901144,0.0,1,0.30670304222530215,0.30670304222530215,2.716794311794051,7.892977437136391
15200,2.229236106901144,0.0,1,0.30670304222530215,0.30670304222530215,2.716794311794051,7.892977437136391
15300,2.229236106901144,0.0,1,0.30670304222530215,0.30670304222530215,2.716794311794051,7.892977437136391
15400,2.229236106901144,0.0,1,0.30670304222530215,0.30670304222530215,2.716794311794051,7.892977437136391
15500,2.229236106901144,0.0,1,0.30670304222530215,0.30670304222530215,2.716794311794051,7.892977437136391
15600,2.229236106901144,0.0,1,0.30670304222530215,0.30670304222530215,2.716794311794051,7.892977437136391
15700,2.229236106901144,0.0,1,0.30670304222530215,0.30670304222530215,2.716794311794051,7.892977437136391
15800,2.229236106901144,0.0,1,0.30670304222530215,0.30670304222530215,2.716794311794051,7.892977437136391
15900,2.229236106901144,0.0,1,0.30670304222530215,0.30670304222530215,2.716794311794051,7.892977437136391
16000,2.229236106901144,0.0,1,0.30670304222530215,0.30670304222530215,2.716794311794051,7.892977437136391
16100,2.229236106901144,0.0,1,0.30670304222530215,0.30670304222530215,2.716794311794051,7.892977437136391
16200,2.229236106901144,0.0,1,0.30670304222530215,0.30670304222530215,2.716794311794051,7.892977437136391
16300,2.229236106901144,0.0,1,0.30670304222530215,0.30670304222530215,2.716794311794051,7.892977437136391
16400,2.229236106901144,0.0,1,0.30670304222530215,0.30670304222530215,2.716794311794051,7.892977437136391
16500,2.229236106901144,0.0,1,0.30670304222530215,0.30670304222530215,2.716794311794051,7.892977437136391
16600,2.229236106901144,0.0,1,0.30670304222530215,0.30670304222530215,2.716794311794051,7.892977437136391
16700,2.229236106901144,0.0,1,0.30670304222530215,0.30670304222530215,2.716794311794051,7.892977437136391
16800,2.229236106901144,0.0,1,0.30670304222530215,0.30670304222530215,2.716794311794051,7.892977437136391
16900,2.229236106901144,0.0,1,0.30670304222530215,0.30670304222530215,2.716794311794051,7.892977437136391
17000,2.229236106901144,0.0,1,0.30670304222530215,0.30670304222530215,2.716794311794051,7.892977437136391
17100,2.229236106901144,0.0,1,0.30670304222530215,0.30670304222530215,2.716794311794051,7.892977437136391
17200,2.229236106901144,0.0,1,0.30670304222530215,0.30670304222530215,2.716794311794051,7.892977437136391
17300,2.229236106901144,0.0,1,0.30670304222530215,0.30670304222530215,2.716794311794051,7.892977437136391
17400,2.229236106901144,0.0,1,0.30670304222530215,0.30670304222530215,2.716794311794051,7.892977437136391
17500,2.229236106901144,0.0,1,0.30670304222530215,0.30670304222530215,2.716794311794051,7.892977437136391
17600,2.229236106901144,0.0,1,0.30670304222530215,0.30670304222530215,2.716794311794051,7.892977437136391
17700,2.229236106901144,0.0,1,0.30670304222530215,0.30670304222530215,2.716794311794051,7.892977437136391
17800,2.229236106901144,0.0,1,0.30670304222530215,0.30670304222530215,2.716794311794051,7.892977437136391
17900,2.229236106901144,0.0,1,0.30670304222530215,0.30670304222530215,2.716794311794051,7.892977437136391
18000,2.229236106901144,0.0,1,0.30670304222530215,0.30670304222530215,2.716794311794051,7.892977437136391
18100,2.229236106901144,0.0,1,0.30670304222530215,0.30670304222530215,2.716794311794051,7.892977437136391
18200,2.229236106901144,0.0,1,0.30670304222530215,0.30670304222530215,2.716794311794051,7.892977437136391
18300,2.229236106901144,0.0,1,0.30670304222530215,0.30670304222530215,2.716794311794051,7.892977437136391
18400,2.229236106901144,0.0,1,0.30670304222530215,0.30670304222530215,2.716794311794051,7.892977437136391
18500,2.229236106901144,0.0,1,0.30670304222530215,0.30670304222530215,2.716794311794051,7.892977437136391
18600,2.229236106901144,0.0,1,0.30670304222530215,0.30670304222530215,2.716794311794051,7.892977437136391
18700,2.229236106901144,0.0,1,0.30670304222530215,0.30670304222530215,2.716794311794051,7.892977437136391
18800,2.229236106901144,0.0,1,0.30670304222530215,0.30670304222530215,2.716794311794051,7.892977437136391
18900,2.229236106901144,0.0,1,0.30670304222530215,0.30670304222530215,2.716794311794051,7.892977437136391
19000,2.229236106901144,0.0,1,0.30670304222530215,0.30670304222530215,2.716794311794051,7.892977437136391
19100,2.229236106901144,0.0,1,0.30670304222530215,0.30670304222530215,2.716794311794051,7.892977437136391
19200,2.229236106901144,0.0,1,0.30670304222530215,0.30670304222530215,2.716794311794051,7.892977437136391
19300,2.229236106901144,0.0,1,0.30670304222530215,0.30670304222530215,2.716794311794051,7.892977437136391
19400,2.229236106901144,0.0,1,0.30670304222530215,0.30670304222530215,2.716794311794051,7.892977437136391
19500,2.229236106901144,0.0,1,0.30670304222530215,0.30670304222530215,2.716794311794051,7.892977437136391
19600,2.229236106901144,0.0,1,0.30670304222530215,0.30670304222530215,2.716794311794051,7.892977437136391
19700,2.229236106901144,0.0,1,0.30670304222530215,0.30670304222530215,2.716794311794051,7.892977437136391
19800,2.229236106901144,0.0,1,0.30670304222530215,0.30670304222530215,2.716794311794051,7.892977437136391
19900,2.229236106901144,0.0,1,0.30670304222530215,0.30670304222530215,2.716794311794051,7.892977437136391
20000,2.229236106901144,0.0,1,0.30670304222530215,0.30670304222530215,2.716794311794051,7.892977437136391
20100,2.229236106901144,0.0,1,0.30670304222530215,0.30670304222530215,2.716794311794051,7.892977437136391
20200,2.229236106901144,0.0,1,0.30670304222530215,0.30670304222530215,2.716794311794051,7.892977437136391
20300,2.229236106901144,0.0,1,0.30670304222530215,0.30670304222530215,2.716794311794051,7.892977437136391
20400,2.229236106901144,0.0,1,0.30670304222530215,0.30670304222530215,2.716794311794051,7.892977437136391
20500,2.229236106901144,0.0,1,0.30670304222530215,0.30670304222530215,2.716794311794051,7.892977437136391
20600,2.229236106901144,0.0,1,0.30670304222530215,0.30670304222530215,2.716794311794051,7.892977437136391
20700,2.1669231687226373,0.0,1,0.3011957684850788,0.3065983409538589,2.478612333243991,7.892977437136391
20800,2.1669231687226373,0.0,1,0.3011957684850788,0.3065983409538589,2.478612333243991,7.892977437136391
20900,2.1669231687226373,0.0,1,0.3011957684850788,0.3065983409538589,2.478612333243991,7.892977437136391
21000,2.1669231687226373,0.0,1,0.3011957684850788,0.3065983409538589,2.478612333243991,7.892977437136391
21100,2.1669231687226373,0.0,1,0.3011957684850788,0.3065983409538589,2.478612333243991,7.892977437136391
21200,2.1669231687226373,0.0,1,0.3011957684850788,0.3065983409538589,2.478612333243991,7.892977437136391
21300,2.1669231687226373,0.0,1,0.3011957684850788,0.3065983409538589,2.478612333243991,7.892977437136391
21400,2.1669231687226373,0.0,1,0.3011957684850788,0.3065983409538589,2.478612333243991,7.892977437136391
21500,2.1669231687226373,0.0,1,0.3011957684850788,0.3065983409538589,2.478612333243991,7.892977437136391
21600,2.1669231687226373,0.0,1,0.3011957684850788,0.3065983409538589,2.478612333243991,7.892977437136391
21700,2.1669231687226373,0.0,1,0.3011957684850788,0.3065983409538589,2.478612333243991,7.892977437136391
21800,2.1669231687226373,0.0,1,0.3011957684850788,0.3065983409538589,2.478612333243991,7.892977437136391
21900,2.1669231687226373,0.0,1,0.3011957684850788,0.3065983409538589,2.478612333243991,7.892977437136391
22000,2.1669231687226373,0.0,1,0.3011957684850788,0.3065983409538589,2.478612333243991,7.892977437136391
22100,2.1669231687226373,0.0,1,0.3011957684850788,0.3065983409538589,2.478612333243991,7.892977437136391
22200,2.1669231687226373,0.0,1,0.3011957684850788,0.3065983409538589,2.478612333243991,7.892977437136391
22300,2.1669231687226373,0.0,1,0.3011957684850788,0.3065983409538589,2.478612333243991,7.892977437136391
22400,2.1669231687226373,0.0,1,0.3011957684850788,0.3065983409538589,2.478612333243991,7.892977437136391
22500,2.1669231687226373,0.0,1,0.3011957684850788,0.3065983409538589,2.478612333243991,7.892977437136391
22600,2.1669231687226373,0.0,1,0.3011957684850788,0.3065983409538589,2.478612333243991,7.892977437136391
22700,2.1669231687226373,0.0,1,0.3011957684850788,0.3065983409538589,2.478612333243991,7.892977437136391
22800,2.1669231687226373,0.0,1,0.3011957684850788,0.3065983409538589,2.478612333243991,7.892977437136391
22900,2.1669231687226373,0.0,1,0.3011957684850788,0.3065983409538589,2.478612333243991,7.892977437136391
23000,2.1669231687226373,0.0,1,0.3011957684850788,0.3065983409538589,2.478612333243991,7.892977437136391
23100,2.1669231687226373,0.0,1,0.3011957684850788,0.3065983409538589,2.478612333243991,7.892977437136391
23200,2.1669231687226373,0.0,1,0.3011957684850788,0.3065983409538589,2.478612333243991,7.892977437136391
23300,2.1669231687226373,0.0,1,0.3011957684850788,0.3065983409538589,2.478612333243991,7.892977437136391
23400,2.1669231687226373,0.0,1,0.3011957684850788,0.3065983409538589,2.478612333243991,7.892977437136391
23500,2.1669231687226373,0.0,1,0.3011957684850788,0.3065983409538589,2.478612333243991,7.892977437136391
23600,2.1669231687226373,0.0,1,0.3011957684850788,0.3065983409538589,2.478612333243991,7.892977437136391
23700,2.1669231687226373,0.0,1,0.3011957684850788,0.3065983409538589,2.478612333243991,7.892977437136391
23800,2.1669231687226373,0.0,1,0.3011957684850788,0.3065983409538589,2.478612333243991,7.892977437136391
23900,2.1669231687226373,0.0,1,0.3011957684850788,0.3065983409538589,2.478612333243991,7.892977437136391
24000,2.1669231687226373,0.0,1,0.3011957684850788,0.3065983409538589,2.478612333243991,7.892977437136391
24100,2.1669231687226373,0.0,1,0.3011957684850788,0.3065983409538589,2.478612333243991,7.892977437136391
24200,2.1669231687226373,0.0,1,0.3011957684850788,0.3065983409538589,2.478612333243991,7.892977437136391
24300,2.1669231687226373,0.0,1,0.3011957684850788,0.3065983409538589,2.478612333243991,7.892977437136391
24400,2.1669231687226373,0.0,1,0.3011957684850788,0.3065983409538589,2.478612333243991,7.892977437136391
24500,2.1669231687226373,0.0,1,0.3011957684850788,0.3065983409538589,2.478612333243991,7.892977437136391
24600,2.1669231687226373,0.0,1,0.3011957684850788,0.3065983409538589,2.478612333243991,7.892977437136391
24700,2.1669231687226373,0.0,1,0.3011957684850788,0.3065983409538589,2.478612333243991,7.892977437136391
24800,2.1669231687226373,0.0,1,0.3011957684850788,0.3065983409538589,2.478612333243991,7.892977437136391
24900,2.1669231687226373,0.0,1,0.3011957684850788,0.3065983409538589,2.478612333243991,7.892977437136391
25000,2.1669231687226373,0.0,1,0.3011957684850788,0.3065983409538589,2.478612333243991,7.892977437136391
25100,2.1669231687226373,0.0,1,0.3011957684850788,0.3065983409538589,2.478612333243991,7.892977437136391
25200,2.1669231687226373,0.0,1,0.3011957684850788,0.3065983409538589,2.478612333243991,7.892977437136391
25300,2.1669231687226373,0.0,1,0.3011957684850788,0.3065983409538589,2.478612333243991,7.892977437136391
25400,2.1669231687226373,0.0,1,0.3011957684850788,0.3065983409538589,2.478612333243991,7.892977437136391
25500,2.1669231687226373,0.0,1,0.3011957684850788,0.3065983409538589,2.478612333243991,7.892977437136391
25600,2.1669231687226373,0.0,1,0.3011957684850788,0.3065983409538589,2.478612333243991,7.892977437136391
25700,2.1669231687226373,0.0,1,0.3011957684850788,0.3065983409538589,2.478612333243991,7.892977437136391
25800,2.1669231687226373,0.0,1,0.3011957684850788,0.3065983409538589,2.478612333243991,7.892977437136391
25900,2.1669231687226373,0.0,1,0.3011957684850788,0.3065983409538589,2.478612333243991,7.892977437136391
26000,2.1669231687226373,0.0,1,0.3011957684850788,0.3065983409538589,2.478612333243991,7.892977437136391
26100,2.1669231687226373,0.0,1,0.3011957684850788,0.3065983409538589,2.478612333243991,7.892977437136391
26200,2.1669231687226373,0.0,1,0.3011957684850788,0.3065983409538589,2.478612333243991,7.892977437136391
26300,2.1669231687226373,0.0,1,0.3011957684850788,0.3065983409538589,2.478612333243991,7.892977437136391
26400,2.1669231687226373,0.0,1,0.3011957684850788,0.3065983409538589,2.478612333243991,7.892977437136391
26500,2.1669231687226373,0.0,1,0.3011957684850788,0.3065983409538589,2.478612333243991,7.892977437136391
26600,2.1669231687226373,0.0,1,0.3011957684850788,0.3065983409538589,2.478612333243991,7.892977437136391
26700,2.1669231687226373,0.0,1,0.3011957684850788,0.3065983409538589,2.478612333243991,7.892977437136391
26800,2.1669231687226373,0.0,1,0.3011957684850788,0.3065983409538589,2.478612333243991,7.892977437136391
26900,2.1669231687226373,0.0,1,0.3011957684850788,0.3065983409538589,2.478612333243991,7.892977437136391
27000,2.1669231687226373,0.0,1,0.3011957684850788,0.3065983409538589,2.478612333243991,7.892977437136391
27100,2.1669231687226373,0.0,1,0.3011957684850788,0.3065983409538589,2.478612333243991,7.892977437136391
27200,2.1669231687226373,0.0,1,0.3011957684850788,0.3065983409538589,2.478612333243991,7.892977437136391
27300,2.1669231687226373,0.0,1,0.3011957684850788,0.3065983409538589,2.478612333243991,7.892977437136391
27400,2.1669231687226373,0.0,1,0.3011957684850788,0.3065983409538589,2.478612333243991,7.892977437136391
27500,2.1669231687226373,0.0,1,0.3011957684850788,0.3065983409538589,2.478612333243991,7.892977437136391
27600,2.1669231687226373,0.0,1,0.3011957684850788,0.3065983409538589,2.478612333243991,7.892977437136391
27700,2.1669231687226373,0.0,1,0.3011957684850788,0.3065983409538589,2.478612333243991,7.892977437136391
27800,2.1669231687226373,0.0,1,0.3011957684850788,0.3065983409538589,2.478612333243991,7.892977437136391
27900,2.1669231687226373,0.0,1,0.3011957684850788,0.3065983409538589,2.478612333243991,7.892977437136391
28000,2.1669231687226373,0.0,1,0.3011957684850788,0.3065983409538589,2.478612333243991,7.892977437136391
28100,2.1669231687226373,0.0,1,0.3011957684850788,0.3065983409538589,2.478612333243991,7.892977437136391
28200,2.1669231687226373,0.0,1,0.3011957684850788,0.3065983409538589,2.478612333243991,7.892977437136391
28300,2.1669231687226373,0.0,1,0.3011957684850788,0.3065983409538589,2.478612333243991,7.892977437136391
28400,2.1669231687226373,0.0,1,0.3011957684850788,0.3065983409538589,2.478612333243991,7.892977437136391
28500,2.1669231687226373,0.0,1,0.3011957684850788,0.3065983409538589,2.478612333243991,7.892977437136391
28600,2.1669231687226373,0.0,1,0.3011957684850788,0.3065983409538589,2.478612333243991,7.892977437136391
28700,2.1669231687226373,0.0,1,0.3011957684850788,0.3065983409538589,2.478612333243991,7.892977437136391
28800,2.1669231687226373,0.0,1,0.3011957684850788,0.3065983409538589,2.478612333243991,7.892977437136391
28900,2.1669231687226373,0.0,1,0.3011957684850788,0.3065983409538589,2.478612333243991,7.892977437136391
29000,2.1669231687226373,0.0,1,0.3011957684850788,0.3065983409538589,2.478612333243991,7.892977437136391
29100,2.1669231687226373,0.0,1,0.3011957684850788,0.3065983409538589,2.478612333243991,7.892977437136391
29200,2.1669231687226373,0.0,1,0.3011957684850788,0.3065983409538589,2.478612333243991,7.892977437136391
29300,2.1669231687226373,0.0,1,0.3011957684850788,0.3065983409538589,2.478612333243991,7.892977437136391
29400,2.1669231687226373,0.0,1,0.3011957684850788,0.3065983409538589,2.478612333243991,7.892977437136391
29500,2.1669231687226373,0.0,1,0.3011957684850788,0.3065983409538589,2.478612333243991,7.892977437136391
29600,2.1669231687226373,0.0,1,0.3011957684850788,0.3065983409538589,2.478612333243991,7.892977437136391
29700,2.1669231687226373,0.0,1,0.3011957684850788,0.3065983409538589,2.478612333243991,7.892977437136391
29800,2.1669231687226373,0.0,1,0.3011957684850788,0.3065983409538589,2.478612333243991,7.892977437136391
29900,2.1669231687226373,0.0,1,0.3011957684850788,0.3065983409538589,2.478612333243991,7.892977437136391
30000,2.1669231687226373,0.0,1,0.3011957684850788,0.3065983409538589,2.478612333243991,7.892977437136391
