Problem,Method,Run,Cost,ConvergenceIter,Relative Variance (%),Visual Variance (%)
Welded Beam,Static Penalty,4,2.153397857837858,27000,24.77988273761825,24.77988273761825
Welded Beam,Static Penalty,3,2.6671614114756794,27700,54.550208617925875,54.550208617925875
Welded Beam,Static Penalty,1,2.5457417225472367,21800,47.514474607425186,47.514474607425186
Welded Beam,Static Penalty,2,2.2906874047610115,28900,32.735204836513795,32.735204836513795
Welded Beam,Static Penalty,5,2.703585336802333,28600,56.66081401049696,56.66081401049696
Welded Beam,Static Penalty,7,2.3446315781905733,11900,35.86103112561252,35.86103112561252
Welded Beam,Static Penalty,6,2.9009604153987327,27200,68.09782694934859,68.09782694934859
Welded Beam,Static Penalty,8,3.2564784517545697,29700,88.69852492354053,88.69852492354053
Welded Beam,Static Penalty,9,2.452760693041045,26500,42.126635144143236,42.126635144143236
Welded Beam,Static Penalty,11,2.597819794791865,27600,50.53216858544866,50.53216858544866
Welded Beam,Static Penalty,10,2.6393765123913844,5600,52.940196591120966,52.940196591120966
Welded Beam,Static Penalty,15,2.779382304566885,29800,61.052913090145985,61.052913090145985
Welded Beam,Static Penalty,12,2.5242397349373027,22700,46.26852951519444,46.26852951519444
Welded Beam,Static Penalty,13,2.887873834417123,29900,67.33951745517959,67.33951745517959
Welded Beam,Static Penalty,14,2.8913727166321297,29800,67.54226220618425,67.54226220618425
Welded Beam,Static Penalty,16,2.799112652263002,25300,62.19619948421988,62.19619948421988
Welded Beam,Static Penalty,17,2.689241560574661,29800,55.82965561160237,55.82965561160237
Welded Beam,Static Penalty,18,2.6673139399941457,8300,54.55904697103332,54.55904697103332
Welded Beam,Static Penalty,19,2.612747927874389,28900,51.397187879839144,51.397187879839144
Welded Beam,Static Penalty,20,2.084681484637341,800,20.798072799939504,20.798072799939504
Welded Beam,Static Penalty,21,2.6067170056600704,29700,51.04772260849445,51.04772260849445
Welded Beam,Static Penalty,22,2.364534940977467,29900,37.014342979060025,37.014342979060025
Welded Beam,Static Penalty,23,2.3545126549978934,22400,36.4335958288099,36.4335958288099
Welded Beam,Static Penalty,24,2.8072724320892104,29000,62.66902263957558,62.66902263957558
Welded Beam,Static Penalty,25,2.993438593986227,27200,73.4565284256853,73.4565284256853
Welded Beam,Static Penalty,26,2.735184622994088,22200,58.49185290154454,58.49185290154454
Welded Beam,Static Penalty,27,3.046089262522836,30000,76.50740182659585,76.50740182659585
Welded Beam,Static Penalty,29,2.356733307583302,26200,36.5622728255849,36.5622728255849
Welded Beam,Static Penalty,28,3.506242311190676,29000,103.17123602943174,103.17123602943174
Welded Beam,Static Penalty,30,3.0317573809799887,10900,75.67693267208413,75.67693267208413
Welded Beam,Static Penalty,31,2.5193162887086284,28900,45.98323757954824,45.98323757954824
Welded Beam,Static Penalty,32,2.952001962500341,29500,71.05545887923269,71.05545887923269
Welded Beam,Static Penalty,34,2.4004733651747108,21700,39.09681572824789,39.09681572824789
Welded Beam,Static Penalty,33,2.331276645368907,2400,35.087171829063635,35.087171829063635
Welded Beam,Static Penalty,35,2.8630721877419765,29000,65.9023717124361,65.9023717124361
Welded Beam,Static Penalty,37,2.8744190989891845,27900,66.55987503896137,66.55987503896137
Welded Beam,Static Penalty,36,2.8909121818232446,28400,67.5155762506651,67.5155762506651
Welded Beam,Static Penalty,38,2.4178027590468183,19200,40.10097746612884,40.10097746612884
Welded Beam,Static Penalty,39,2.208741411824562,23500,27.986796941423464,27.986796941423464
Welded Beam,Static Penalty,40,2.214661914661712,29200,28.32986389817669,28.32986389817669
Welded Beam,Static Penalty,43,2.864869036363231,29300,66.00649114370671,66.00649114370671
Welded Beam,Static Penalty,42,2.0853145956610364,27300,20.834758783910857,20.834758783910857
Welded Beam,Static Penalty,41,2.3205466835896,21000,34.46541799582382,34.46541799582382
Welded Beam,Static Penalty,44,2.417496217462071,29200,40.08321473693332,40.08321473693332
Welded Beam,Static Penalty,45,2.7491979506998745,28700,59.30386326996179,59.30386326996179
Welded Beam,Static Penalty,46,2.7734598056595745,23200,60.70973046995434,60.70973046995434
Welded Beam,Static Penalty,48,2.9688392387116034,29100,72.03110457499452,72.03110457499452
Welded Beam,Static Penalty,47,2.817963188401669,25000,63.28850468939263,63.28850468939263
Welded Beam,Static Penalty,49,2.8115893719315626,26500,62.91917021233062,62.91917021233062
Welded Beam,Static Penalty,50,2.738931562831037,23100,58.7089714947379,58.7089714947379
Welded Beam,Dependent Space,1,2.4163805987553526,27900,40.01856956655873,40.01856956655873
Welded Beam,Dependent Space,2,2.366172474207948,100,37.10923078798706,37.10923078798706
Welded Beam,Dependent Space,4,1.7277627533604596,19800,0.11621074946552248,0.11621074946552248
Welded Beam,Dependent Space,3,2.1021183865428776,28300,21.80846415291726,21.80846415291726
Welded Beam,Dependent Space,5,2.0664848737536694,30000,19.743659671393708,19.743659671393708
Welded Beam,Dependent Space,6,2.493929879007456,29100,44.51220740548557,44.51220740548557
Welded Beam,Dependent Space,8,2.04073742011434,16200,18.251708597785036,18.251708597785036
Welded Beam,Dependent Space,7,2.0188668017850566,22100,16.984402985589778,16.984402985589778
Welded Beam,Dependent Space,10,2.5235639939897787,23600,46.22937331566254,46.22937331566254
Welded Beam,Dependent Space,9,2.066484660619076,29100,19.743647321186575,19.743647321186575
Welded Beam,Dependent Space,11,2.1255278292718707,29000,23.164937833823412,23.164937833823412
Welded Beam,Dependent Space,14,1.7628704667593065,22900,2.1505474815975716,2.1505474815975716
Welded Beam,Dependent Space,12,1.8186792637750795,27700,5.384420461460099,5.384420461460099
Welded Beam,Dependent Space,13,2.2055536425091624,17700,27.802079807094415,27.802079807094415
Welded Beam,Dependent Space,15,2.194513026211299,29200,27.16232491833379,27.16232491833379
Welded Beam,Dependent Space,17,1.8502793935891204,29900,7.21550823668832,7.21550823668832
Welded Beam,Dependent Space,16,1.746374428369459,19200,1.19467500850654,1.19467500850654
Welded Beam,Dependent Space,18,2.068669924335497,28400,19.87027368950644,19.87027368950644
Welded Beam,Dependent Space,19,1.7796231544757777,29200,3.121291648167934,3.121291648167934
Welded Beam,Dependent Space,22,2.0397590548873463,28500,18.1950166595747,18.1950166595747
Welded Beam,Dependent Space,20,1.7965073080787155,5700,4.099653681468122,4.099653681468122
Welded Beam,Dependent Space,23,2.435231579265307,8200,41.11090052108241,41.11090052108241
Welded Beam,Dependent Space,21,1.8299415273539648,28600,6.037018829949451,6.037018829949451
Welded Beam,Dependent Space,24,1.811739314368564,14100,4.982281084383035,4.982281084383035
Welded Beam,Dependent Space,25,2.02376648344141,16600,17.26831786936575,17.26831786936575
Welded Beam,Dependent Space,26,2.2211846374464783,24000,28.707826837654267,28.707826837654267
Welded Beam,Dependent Space,27,2.7892348128521256,28600,61.62382237382945,61.62382237382945
Welded Beam,Dependent Space,30,1.9657149996661765,27500,13.904491109785203,13.904491109785203
Welded Beam,Dependent Space,28,1.866141455878934,11000,8.134644598459868,8.134644598459868
Welded Beam,Dependent Space,32,1.9614972514694,29400,13.66009125422902,13.66009125422902
Welded Beam,Dependent Space,29,1.991003720205008,300,15.369860628907936,15.369860628907936
Welded Beam,Dependent Space,31,1.7822111624842008,21100,3.2712552671246695,3.2712552671246695
Welded Beam,Dependent Space,33,2.2555577441090264,20000,30.69959635812128,30.69959635812128
Welded Beam,Dependent Space,34,1.7257572379402937,18000,0.0,0.0
Welded Beam,Dependent Space,35,2.0603642225023195,24400,19.388994999168148,19.388994999168148
Welded Beam,Dependent Space,36,2.357023773388894,29700,36.57910403447141,36.57910403447141
Welded Beam,Dependent Space,38,1.826757587332266,26600,5.852523586255795,5.852523586255795
Welded Beam,Dependent Space,37,1.8024763613702168,8200,4.4455339223428725,4.4455339223428725
Welded Beam,Dependent Space,39,1.8446424181412144,29900,6.888870438278519,6.888870438278519
Welded Beam,Dependent Space,40,1.810553994820228,29200,4.913597058479676,4.913597058479676
Welded Beam,Dependent Space,41,2.556075344959861,28900,48.11326232712541,48.11326232712541
Welded Beam,Dependent Space,42,2.1867619181069227,17700,26.71318248196033,26.71318248196033
Welded Beam,Dependent Space,43,1.9132104919868984,19700,10.862087084179455,10.862087084179455
Welded Beam,Dependent Space,46,2.0002169146209208,28400,15.903724501146934,15.903724501146934
Welded Beam,Dependent Space,45,2.452047236373093,29000,42.08529348540544,42.08529348540544
Welded Beam,Dependent Space,48,1.729094363474595,29700,0.19337166670581143,0.19337166670581143
Welded Beam,Dependent Space,47,1.8558864375033115,9000,7.540411635087689,7.540411635087689
Welded Beam,Dependent Space,44,2.3712050295304,30000,37.400845113096786,37.400845113096786
Pressure Vessel,Static Penalty,1,6754.539351892036,26200,16.369771697302365,16.369771697302365
Welded Beam,Dependent Space,49,1.9069017342537105,15900,10.496522473208012,10.496522473208012
Pressure Vessel,Static Penalty,3,7036.616914970524,7500,21.229511186003425,21.229511186003425
Pressure Vessel,Static Penalty,2,6718.38174963161,28400,15.746834780221691,15.746834780221691
Welded Beam,Dependent Space,50,2.472683518752028,26700,43.281074787969445,43.281074787969445
Pressure Vessel,Static Penalty,4,6190.619502033001,26600,6.654346149401593,6.654346149401593
Pressure Vessel,Static Penalty,5,6156.987127614115,24000,6.074914817542132,6.074914817542132
Pressure Vessel,Static Penalty,6,6544.184759180038,25700,12.74570280761303,12.74570280761303
Pressure Vessel,Static Penalty,8,7039.807925883762,26900,21.284487135081754,21.284487135081754
Pressure Vessel,Static Penalty,7,6850.681893114715,27800,18.026151946141646,18.026151946141646
Pressure Vessel,Static Penalty,10,7320.262663398265,22300,26.116267968048202,26.116267968048202
Pressure Vessel,Static Penalty,11,6493.424282480198,23500,11.871182018397107,11.871182018397107
Pressure Vessel,Static Penalty,13,6770.469669110707,25800,16.644225258266975,16.644225258266975
Pressure Vessel,Static Penalty,9,6988.053666511771,18100,20.392845080202815,20.392845080202815
Pressure Vessel,Static Penalty,12,7299.764751279246,5200,25.76312214576597,25.76312214576597
Pressure Vessel,Static Penalty,14,6553.596781859392,18600,12.90785671232001,12.90785671232001
Pressure Vessel,Static Penalty,16,6812.533788165179,21100,17.368921892041993,17.368921892041993
Pressure Vessel,Static Penalty,17,6984.394792782615,17700,20.329808612673485,20.329808612673485
Pressure Vessel,Static Penalty,15,6918.339547683036,17600,19.191783739149844,19.191783739149844
Pressure Vessel,Static Penalty,18,6209.4653999363,16500,6.979030442761035,6.979030442761035
Pressure Vessel,Static Penalty,19,6878.517970363405,18000,18.5057224668865,18.5057224668865
Pressure Vessel,Static Penalty,20,6619.218330169822,22300,14.038409692690056,14.038409692690056
Pressure Vessel,Static Penalty,21,6290.260002800596,22700,8.37099057503249,8.37099057503249
Pressure Vessel,Static Penalty,22,7320.548136606178,21500,26.121186208996956,26.121186208996956
Pressure Vessel,Static Penalty,26,6741.059089705364,21500,16.13752861581919,16.13752861581919
Pressure Vessel,Static Penalty,23,7175.638064209242,21100,23.62462039407615,23.62462039407615
Pressure Vessel,Static Penalty,24,7059.087870939991,20400,21.616649357795197,21.616649357795197
Pressure Vessel,Static Penalty,27,6757.217917046242,14300,16.41591903603746,16.41591903603746
Pressure Vessel,Static Penalty,25,6960.522394639298,16100,19.918525862351405,19.918525862351405
Pressure Vessel,Static Penalty,28,6429.343773597129,22700,10.767178651108884,10.767178651108884
Pressure Vessel,Static Penalty,29,6160.349571279535,24600,6.132844275245323,6.132844275245323
Pressure Vessel,Static Penalty,30,6228.0806362281,21200,7.299740810191395,7.299740810191395
Pressure Vessel,Static Penalty,31,6909.089687981514,16400,19.032423639871325,19.032423639871325
Pressure Vessel,Static Penalty,34,6905.312761159403,21600,18.967353308778602,18.967353308778602
Pressure Vessel,Static Penalty,33,6419.743857742885,19000,10.601787651357164,10.601787651357164
Pressure Vessel,Static Penalty,32,6979.202359730334,9400,20.2403514021417,20.2403514021417
Pressure Vessel,Static Penalty,35,6941.205836385176,16500,19.58573285354612,19.58573285354612
Pressure Vessel,Static Penalty,36,6401.022183857017,21200,10.27924353659388,10.27924353659388
Pressure Vessel,Static Penalty,37,7032.554606189533,20900,21.15952418603496,21.15952418603496
Pressure Vessel,Static Penalty,40,6558.306637723928,12000,12.98899989960928,12.98899989960928
Pressure Vessel,Static Penalty,38,6577.644895099289,20900,13.322166749124198,13.322166749124198
Pressure Vessel,Static Penalty,39,7193.744488931598,20200,23.936564762363062,23.936564762363062
Pressure Vessel,Static Penalty,42,6538.921053196132,20400,12.655017679920746,12.655017679920746
Pressure Vessel,Static Penalty,41,6539.555065941264,19400,12.665940692514276,12.665940692514276
Pressure Vessel,Static Penalty,43,6925.244907018892,17900,19.310751894865216,19.310751894865216
Pressure Vessel,Static Penalty,44,7320.101375765502,23900,26.113489243397346,26.113489243397346
Pressure Vessel,Static Penalty,45,6281.197734295689,17700,8.21486236820217,8.21486236820217
Pressure Vessel,Static Penalty,46,6559.285720737582,19500,13.005867913967602,13.005867913967602
Pressure Vessel,Static Penalty,49,6788.212293435176,25000,16.949901935000096,16.949901935000096
Pressure Vessel,Static Penalty,48,6682.863373237853,21700,15.134910689374173,15.134910689374173
Pressure Vessel,Static Penalty,50,6694.4758070998,21400,15.334974114422725,15.334974114422725
Pressure Vessel,Static Penalty,47,6459.474278568085,23500,11.286278444881253,11.286278444881253
Pressure Vessel,Dependent Space,2,5804.376216756484,600,0.0,0.0
Pressure Vessel,Dependent Space,1,5804.376216756484,600,0.0,0.0
Pressure Vessel,Dependent Space,3,5804.376216756484,500,0.0,0.0
Pressure Vessel,Dependent Space,4,5804.376216756484,600,0.0,0.0
Pressure Vessel,Dependent Space,6,5804.376216756484,700,0.0,0.0
Pressure Vessel,Dependent Space,8,5804.376216756484,600,0.0,0.0
Pressure Vessel,Dependent Space,5,5804.376216756484,700,0.0,0.0
Pressure Vessel,Dependent Space,7,5804.376216756484,600,0.0,0.0
Pressure Vessel,Dependent Space,9,5804.376216756484,600,0.0,0.0
Pressure Vessel,Dependent Space,10,5804.376216756484,700,0.0,0.0
Pressure Vessel,Dependent Space,11,5804.376216756484,600,0.0,0.0
Pressure Vessel,Dependent Space,12,5804.376216756484,500,0.0,0.0
Pressure Vessel,Dependent Space,15,5804.376216756484,600,0.0,0.0
Pressure Vessel,Dependent Space,13,5804.376216756484,500,0.0,0.0
Pressure Vessel,Dependent Space,14,5804.376216756484,700,0.0,0.0
Pressure Vessel,Dependent Space,16,5804.376216756484,700,0.0,0.0
Pressure Vessel,Dependent Space,18,5804.376216756484,500,0.0,0.0
Pressure Vessel,Dependent Space,17,5804.376216756484,600,0.0,0.0
Pressure Vessel,Dependent Space,19,5804.376216756484,700,0.0,0.0
Pressure Vessel,Dependent Space,20,5804.376216756484,600,0.0,0.0
Pressure Vessel,Dependent Space,24,5804.376216756484,500,0.0,0.0
Pressure Vessel,Dependent Space,23,5804.376216756484,700,0.0,0.0
Pressure Vessel,Dependent Space,22,5804.376216756484,800,0.0,0.0
Pressure Vessel,Dependent Space,21,5804.376216756484,800,0.0,0.0
Pressure Vessel,Dependent Space,25,5804.376216756484,700,0.0,0.0
Pressure Vessel,Dependent Space,29,5804.376216756484,600,0.0,0.0
Pressure Vessel,Dependent Space,26,5804.376216756484,900,0.0,0.0
Pressure Vessel,Dependent Space,27,5804.376216756484,600,0.0,0.0
Pressure Vessel,Dependent Space,28,5804.376216756484,1000,0.0,0.0
Pressure Vessel,Dependent Space,30,5804.376216756484,700,0.0,0.0
Pressure Vessel,Dependent Space,32,5804.376216756484,600,0.0,0.0
Pressure Vessel,Dependent Space,31,5804.376216756484,900,0.0,0.0
Pressure Vessel,Dependent Space,33,5804.376216756484,500,0.0,0.0
Pressure Vessel,Dependent Space,34,5804.376216756484,500,0.0,0.0
Pressure Vessel,Dependent Space,39,5804.376216756484,800,0.0,0.0
Pressure Vessel,Dependent Space,37,5804.376216756484,400,0.0,0.0
Pressure Vessel,Dependent Space,36,5804.376216756484,700,0.0,0.0
Pressure Vessel,Dependent Space,35,5804.376216756484,600,0.0,0.0
Pressure Vessel,Dependent Space,38,5804.376216756484,600,0.0,0.0
Pressure Vessel,Dependent Space,40,5804.376216756484,500,0.0,0.0
Pressure Vessel,Dependent Space,41,5804.376216756484,500,0.0,0.0
Pressure Vessel,Dependent Space,42,5804.376216756484,600,0.0,0.0
Pressure Vessel,Dependent Space,43,5804.376216756484,600,0.0,0.0
Pressure Vessel,Dependent Space,44,5804.376216756484,600,0.0,0.0
Pressure Vessel,Dependent Space,45,5804.376216756484,500,0.0,0.0
Pressure Vessel,Dependent Space,47,5804.376216756484,600,0.0,0.0
Pressure Vessel,Dependent Space,46,5804.376216756484,600,0.0,0.0
Spring Design,Static Penalty,3,0.0162747732530786,23300,53.17413273591413,53.17413273591413
Spring Design,Static Penalty,4,0.0128003179226834,21400,20.473420186061176,20.473420186061176
Spring Design,Static Penalty,1,0.0155040375756655,24500,45.92015953944906,45.92015953944906
Spring Design,Static Penalty,5,0.0150231097073977,900,41.39378562413092,41.39378562413092
Spring Design,Static Penalty,2,0.0132864484354951,14700,25.048760102536605,25.048760102536605
Pressure Vessel,Dependent Space,48,5804.376216756484,600,0.0,0.0
Spring Design,Static Penalty,6,0.0142336480361773,21200,33.963568014521194,33.963568014521194
Pressure Vessel,Dependent Space,49,5804.376216756484,600,0.0,0.0
Spring Design,Static Penalty,7,0.0178011939866668,25000,67.54042641151187,67.54042641151187
Spring Design,Static Penalty,9,0.0139054251204819,2100,30.874415270338673,30.874415270338673
Pressure Vessel,Dependent Space,50,5804.376216756484,600,0.0,0.0
Spring Design,Static Penalty,8,0.0165510409168185,28600,55.774295523947536,55.774295523947536
Spring Design,Static Penalty,10,0.013291412803104,27700,25.09548350023014,25.09548350023014
Spring Design,Static Penalty,12,0.0169582190698431,10400,59.6065553956331,59.6065553956331
Spring Design,Static Penalty,11,0.0166030445649026,27200,56.26374097246579,56.26374097246579
Spring Design,Static Penalty,13,0.017434192270945,27700,64.08629721142331,64.08629721142331
Spring Design,Static Penalty,14,0.0160386495300858,23500,50.95179476994858,50.95179476994858
Spring Design,Static Penalty,16,0.015534134515045,28900,46.203424474435984,46.203424474435984
Spring Design,Static Penalty,15,0.0138478608485271,23500,30.332634607951693,30.332634607951693
Spring Design,Static Penalty,18,0.0160219973209396,25800,50.79506830412064,50.79506830412064
Spring Design,Static Penalty,20,0.0135622090237876,20600,27.644150422119658,27.644150422119658
Spring Design,Static Penalty,17,0.0163518734383218,24000,53.89978057289222,53.89978057289222
Spring Design,Static Penalty,21,0.0166851402658083,24400,57.036405364898954,57.036405364898954
Spring Design,Static Penalty,19,0.0145651286901819,28700,37.08338178435565,37.08338178435565
Spring Design,Static Penalty,23,0.0134157743704381,27700,26.265943753399956,26.265943753399956
Spring Design,Static Penalty,22,0.0161437860518863,23700,51.94131365879798,51.94131365879798
Spring Design,Static Penalty,24,0.0153448012262104,28700,44.42146647942722,44.42146647942722
Spring Design,Static Penalty,25,0.0146043826186371,29300,37.45283003128995,37.45283003128995
Spring Design,Static Penalty,27,0.017788931543206,29100,67.42501533246805,67.42501533246805
Spring Design,Static Penalty,26,0.0138475696780432,800,30.329894183513456,30.329894183513456
Spring Design,Static Penalty,28,0.0169979898932947,2800,59.98086853017951,59.98086853017951
Spring Design,Static Penalty,30,0.0170868021359261,20300,60.81674734887965,60.81674734887965
Spring Design,Static Penalty,29,0.0159081697345804,10800,49.72375126941511,49.72375126941511
Spring Design,Static Penalty,33,0.0136844973627487,27900,28.79509796361849,28.79509796361849
Spring Design,Static Penalty,31,0.0150028311896137,24100,41.202929240055255,41.202929240055255
Spring Design,Static Penalty,32,0.0160097635539343,28000,50.679927120769555,50.679927120769555
Spring Design,Static Penalty,34,0.0147989184658537,24500,39.28375321652156,39.28375321652156
Spring Design,Static Penalty,35,0.0145095940041253,22200,36.56070308148206,36.56070308148206
Spring Design,Static Penalty,36,0.0161024008003933,29900,51.5518059276043,51.5518059276043
Spring Design,Static Penalty,37,0.0135104483662412,29500,27.156991940325703,27.156991940325703
Spring Design,Static Penalty,38,0.01385536318231,29000,30.403244714330512,30.403244714330512
Spring Design,Static Penalty,39,0.0139873189437886,28600,31.645179640838215,31.645179640838215
Spring Design,Static Penalty,40,0.0148356675401153,30000,39.62962639652445,39.62962639652445
Spring Design,Static Penalty,41,0.016246473041604,29100,52.90777815871319,52.90777815871319
Spring Design,Static Penalty,42,0.0151152464273772,26500,42.260953599778276,42.260953599778276
Spring Design,Static Penalty,43,0.0166008650993653,28600,56.24322838293151,56.24322838293151
Spring Design,Static Penalty,47,0.0177805109669481,28400,67.3457629554682,67.3457629554682
Spring Design,Static Penalty,46,0.0138696247990379,1900,30.5374715167405,30.5374715167405
Spring Design,Static Penalty,48,0.0177863005692952,26600,67.40025325801265,67.40025325801265
Spring Design,Static Penalty,44,0.0166866632510602,26500,57.05073932467227,57.05073932467227
Spring Design,Static Penalty,45,0.0166900872964986,21500,57.08296559181094,57.08296559181094
Spring Design,Static Penalty,49,0.0156320026886768,22400,47.124535471522414,47.124535471522414
Spring Design,Dependent Space,1,0.0106280421572761,10000,0.02849900311530993,0.02849900311530993
Spring Design,Static Penalty,50,0.0170230840383115,28600,60.21704840438885,60.21704840438885
Spring Design,Dependent Space,2,0.0106260289617545,11000,0.009551305764720878,0.009551305764720878
Spring Design,Dependent Space,3,0.0106263620854762,29600,0.012686583680523854,0.012686583680523854
Spring Design,Dependent Space,4,0.010630986928599,600,0.05621446104991502,0.05621446104991502
Spring Design,Dependent Space,5,0.0106343171898746,11200,0.08755805488938345,0.08755805488938345
Spring Design,Dependent Space,8,0.0106251878810703,3800,0.001635262796875265,0.001635262796875265
Spring Design,Dependent Space,6,0.0106313940596802,29900,0.06004627789325808,0.06004627789325808
Spring Design,Dependent Space,10,0.010625014134167,14000,0.0,0.0
Spring Design,Dependent Space,7,0.0106254941237867,1200,0.004517543352307873,0.004517543352307873
Spring Design,Dependent Space,9,0.0106284896601151,14500,0.03271078893836315,0.03271078893836315
Spring Design,Dependent Space,13,0.0106279701138,8800,0.027820947771665237,0.027820947771665237
Spring Design,Dependent Space,11,0.0106256291613643,13400,0.00578848356842337,0.00578848356842337
Spring Design,Dependent Space,12,0.0106259964355318,5500,0.009245177017136393,0.009245177017136393
Spring Design,Dependent Space,14,0.0106262962259557,9300,0.012066730194523546,0.012066730194523546
Spring Design,Dependent Space,16,0.0106325069903672,22300,0.07052090571911779,0.07052090571911779
Spring Design,Dependent Space,15,0.0106281863733194,14200,0.02985632877604806,0.02985632877604806
Spring Design,Dependent Space,17,0.0106367174042817,9400,0.11014827808148886,0.11014827808148886
Spring Design,Dependent Space,18,0.0106250637212095,21100,0.00046670095562934233,0.00046670095562934233
Spring Design,Dependent Space,19,0.0106276980973413,8800,0.025260796271959714,0.025260796271959714
Spring Design,Dependent Space,20,0.010625760097224,23700,0.0070208194321345965,0.0070208194321345965
Spring Design,Dependent Space,22,0.0106272500695724,25000,0.021044069938773835,0.021044069938773835
Spring Design,Dependent Space,21,0.010626315921546,19400,0.012252100209571095,0.012252100209571095
Spring Design,Dependent Space,23,0.0106301586967402,27200,0.048419348042606225,0.048419348042606225
Spring Design,Dependent Space,24,0.0106267601922267,17600,0.016433465759682832,0.016433465759682832
Spring Design,Dependent Space,25,0.0106357272556517,11700,0.10082924454895023,0.10082924454895023
Spring Design,Dependent Space,26,0.0106267834419307,19700,0.016652286212109995,0.016652286212109995
Spring Design,Dependent Space,27,0.0106252055056725,17200,0.0018011411851647171,0.0018011411851647171
Spring Design,Dependent Space,28,0.01062553823288,8500,0.004932687207579699,0.004932687207579699
Spring Design,Dependent Space,30,0.0106250905006598,28600,0.0007187425055179248,0.0007187425055179248
Spring Design,Dependent Space,29,0.0106250369208677,2300,0.00021446278011681772,0.00021446278011681772
Spring Design,Dependent Space,31,0.0106251587498785,23900,0.0013610872387890445,0.0013610872387890445
Spring Design,Dependent Space,32,0.0106271268265774,27700,0.019884137411211488,0.019884137411211488
Spring Design,Dependent Space,33,0.0106254164204897,3200,0.0037862191769357572,0.0037862191769357572
Spring Design,Dependent Space,35,0.0106285980973895,25300,0.033731373692715734,0.033731373692715734
Spring Design,Dependent Space,34,0.0106285594562319,12500,0.033367692693216724,0.033367692693216724
Spring Design,Dependent Space,36,0.0106272177116564,23700,0.02073952525214258,0.02073952525214258
Spring Design,Dependent Space,37,0.010629119858321,19500,0.03864205828015664,0.03864205828015664
Spring Design,Dependent Space,40,0.0106276717827419,12100,0.025013129783553006,0.025013129783553006
Spring Design,Dependent Space,41,0.0106260612553943,11500,0.009855245499696215,0.009855245499696215
Spring Design,Dependent Space,39,0.0106266100517248,15600,0.015020380562759847,0.015020380562759847
Spring Design,Dependent Space,38,0.0106262721290502,4100,0.011839936091511422,0.011839936091511422
Spring Design,Dependent Space,43,0.0106270746823038,15000,0.019393368430199214,0.019393368430199214
Spring Design,Dependent Space,42,0.0106266010238703,19300,0.014935412633433592,0.014935412633433592
Spring Design,Dependent Space,44,0.0106267712434888,22400,0.016537477499905782,0.016537477499905782
Spring Design,Dependent Space,46,0.0106283042055059,12700,0.030965336114892137,0.030965336114892137
Spring Design,Dependent Space,45,0.0106357625453749,20300,0.10116138267840208,0.10116138267840208
Spring Design,Dependent Space,47,0.0106337680538309,9800,0.08238972252986461,0.08238972252986461
Spring Design,Dependent Space,48,0.0106348106152307,3800,0.0922020520631218,0.0922020520631218
Spring Design,Dependent Space,49,0.0106269108394336,19100,0.01785131993848896,0.01785131993848896
Spring Design,Dependent Space,50,0.0106275585748997,5500,0.0239476456272803,0.0239476456272803
Speed Reducer,Static Penalty,1,2996.351691139318,8300,0.00011768227838803706,0.00011768227838803706
Speed Reducer,Static Penalty,4,2996.365560596399,8200,0.0005805609666243877,0.0005805609666243877
Speed Reducer,Static Penalty,2,2996.3531877814426,4800,0.000167631150885277,0.000167631150885277
Speed Reducer,Static Penalty,6,2996.3510207207496,9800,9.530775675202369e-05,9.530775675202369e-05
Speed Reducer,Static Penalty,3,2996.351245069377,7300,0.00010279515858406818,0.00010279515858406818
Speed Reducer,Static Penalty,7,2996.3534166380878,6300,0.00017526900311765937,0.00017526900311765937
Speed Reducer,Static Penalty,5,2996.351568494641,5500,0.00011358913999768918,0.00011358913999768918
Speed Reducer,Static Penalty,9,2996.353406610476,5100,0.00017493434202356443,0.00017493434202356443
Speed Reducer,Static Penalty,8,2996.351228452773,8100,0.00010224059672222848,0.00010224059672222848
Speed Reducer,Static Penalty,10,2996.3537350424112,5300,0.0001858954158690951,0.0001858954158690951
Speed Reducer,Static Penalty,11,2996.355775492833,5700,0.00025399332403282254,0.00025399332403282254
Speed Reducer,Static Penalty,13,2996.353771969035,7900,0.00018712780348049057,0.00018712780348049057
Speed Reducer,Static Penalty,14,2996.3661014104027,6400,0.0005986100708637929,0.0005986100708637929
Speed Reducer,Static Penalty,12,2996.350960168216,6500,9.328687898808618e-05,9.328687898808618e-05
Speed Reducer,Static Penalty,15,2996.3521619410053,7000,0.00013339479446834805,0.00013339479446834805
Speed Reducer,Static Penalty,16,2996.354339041676,6700,0.00020605326241140151,0.00020605326241140151
Speed Reducer,Static Penalty,18,2996.360455998981,5600,0.0004102003430511025,0.0004102003430511025
Speed Reducer,Static Penalty,19,2996.353296634157,6700,0.00017126399687736693,0.00017126399687736693
Speed Reducer,Static Penalty,17,2996.3542628785885,8500,0.00020351139866672696,0.00020351139866672696
Speed Reducer,Static Penalty,21,2996.35115514702,6200,9.97940935561946e-05,9.97940935561946e-05
Speed Reducer,Static Penalty,22,2996.359519378086,5600,0.0003789415959664524,0.0003789415959664524
Speed Reducer,Static Penalty,23,2996.360933935945,7100,0.0004261509915706651,0.0004261509915706651
Speed Reducer,Static Penalty,20,2996.359499220898,7400,0.00037826887080872614,0.00037826887080872614
Speed Reducer,Static Penalty,24,2996.362227311715,5300,0.0004693160611356979,0.0004693160611356979
Speed Reducer,Static Penalty,25,2996.3513268558127,8300,0.0001055246957124267,0.0001055246957124267
Speed Reducer,Static Penalty,27,2996.3496818413278,7900,5.0624050182455076e-05,5.0624050182455076e-05
Speed Reducer,Static Penalty,28,2996.34913313218,4800,3.231145373699741e-05,3.231145373699741e-05
Speed Reducer,Static Penalty,26,2996.350231266409,6300,6.896054017185983e-05,6.896054017185983e-05
Speed Reducer,Static Penalty,29,2996.359482353154,8000,0.00037770592740634393,0.00037770592740634393
Speed Reducer,Static Penalty,30,2996.350450003084,7100,7.626064893362985e-05,7.626064893362985e-05
Speed Reducer,Static Penalty,31,2996.35495126096,7800,0.00022648544352945723,0.00022648544352945723
Speed Reducer,Static Penalty,34,2996.356224361391,6200,0.00026897384476707984,0.00026897384476707984
Speed Reducer,Static Penalty,32,2996.3500841105456,6700,6.404936645686818e-05,6.404936645686818e-05
Speed Reducer,Static Penalty,33,2996.356573541893,4500,0.0002806273804260385,0.0002806273804260385
Speed Reducer,Static Penalty,37,2996.35625808298,6400,0.0002700992676802416,0.0002700992676802416
Speed Reducer,Static Penalty,35,2996.354121563,5900,0.00019879513804030692,0.00019879513804030692
Speed Reducer,Static Penalty,36,2996.359145720382,7500,0.0003664711591694383,0.0003664711591694383
Speed Reducer,Static Penalty,39,2996.3520463594355,8200,0.00012953737992636542,0.00012953737992636542
Speed Reducer,Static Penalty,40,2996.36212233747,6400,0.00046581265501513124,0.00046581265501513124
Speed Reducer,Static Penalty,38,2996.35254266503,7200,0.0001461010623524261,0.0001461010623524261
Speed Reducer,Static Penalty,41,2996.3575660343686,8000,0.0003137507833500509,0.0003137507833500509
Speed Reducer,Static Penalty,42,2996.3522748358982,6600,0.00013716254396609363,0.00013716254396609363
Speed Reducer,Static Penalty,43,2996.356843173505,9600,0.000289626054714038,0.000289626054714038
Speed Reducer,Static Penalty,44,2996.3537241395334,6600,0.00018553154367284414,0.00018553154367284414
Speed Reducer,Static Penalty,45,2996.3572047272096,6400,0.00030169253313711805,0.00030169253313711805
Speed Reducer,Static Penalty,46,2996.3546877590948,5800,0.00021769134314659694,0.00021769134314659694
Speed Reducer,Static Penalty,47,2996.3506315918044,8700,8.23209833925901e-05,8.23209833925901e-05
Speed Reducer,Static Penalty,48,2996.3555142134487,5600,0.00024527339664818067,0.00024527339664818067
Speed Reducer,Static Penalty,49,2996.3550720123794,8900,0.00023051539641107376,0.00023051539641107376
Speed Reducer,Static Penalty,50,2996.353770642904,7800,0.0001870835452378428,0.0001870835452378428
Speed Reducer,Dependent Space,2,2996.348164968529,1400,0.0,0.0
Speed Reducer,Dependent Space,1,2996.348164968529,1500,0.0,0.0
Speed Reducer,Dependent Space,3,2996.348164968529,2000,0.0,0.0
Speed Reducer,Dependent Space,6,2996.348164968529,1800,0.0,0.0
Speed Reducer,Dependent Space,4,2996.348164968529,1900,0.0,0.0
Speed Reducer,Dependent Space,7,2996.348164968529,1700,0.0,0.0
Speed Reducer,Dependent Space,5,2996.348164968529,1500,0.0,0.0
Speed Reducer,Dependent Space,10,2996.348164968529,1700,0.0,0.0
Speed Reducer,Dependent Space,9,2996.348164968529,1700,0.0,0.0
Speed Reducer,Dependent Space,8,2996.348164968529,2200,0.0,0.0
Speed Reducer,Dependent Space,11,2996.348164968529,1600,0.0,0.0
Speed Reducer,Dependent Space,14,2996.348164968529,1600,0.0,0.0
Speed Reducer,Dependent Space,12,2996.348164968529,1400,0.0,0.0
Speed Reducer,Dependent Space,13,2996.348164968529,1200,0.0,0.0
Speed Reducer,Dependent Space,15,2996.348164968529,1700,0.0,0.0
Speed Reducer,Dependent Space,16,2996.348164968529,1800,0.0,0.0
Speed Reducer,Dependent Space,17,2996.348164968529,2100,0.0,0.0
Speed Reducer,Dependent Space,20,2996.348164968529,1600,0.0,0.0
Speed Reducer,Dependent Space,18,2996.348164968529,1600,0.0,0.0
Speed Reducer,Dependent Space,19,2996.348164968529,1800,0.0,0.0
Speed Reducer,Dependent Space,21,2996.348164968529,1800,0.0,0.0
Speed Reducer,Dependent Space,22,2996.348164968529,1300,0.0,0.0
Speed Reducer,Dependent Space,23,2996.348164968529,1800,0.0,0.0
Speed Reducer,Dependent Space,24,2996.348164968529,1400,0.0,0.0
Speed Reducer,Dependent Space,25,2996.348164968529,1700,0.0,0.0
Speed Reducer,Dependent Space,26,2996.348164968529,1500,0.0,0.0
Speed Reducer,Dependent Space,28,2996.348164968529,1500,0.0,0.0
Speed Reducer,Dependent Space,27,2996.348164968529,1500,0.0,0.0
Speed Reducer,Dependent Space,29,2996.348164968529,1600,0.0,0.0
Speed Reducer,Dependent Space,31,2996.348164968529,1600,0.0,0.0
Speed Reducer,Dependent Space,32,2996.348164968529,1900,0.0,0.0
Speed Reducer,Dependent Space,34,2996.348164968529,1800,0.0,0.0
Speed Reducer,Dependent Space,35,2996.348164968529,1500,0.0,0.0
Speed Reducer,Dependent Space,33,2996.348164968529,1200,0.0,0.0
Speed Reducer,Dependent Space,38,2996.348164968529,1300,0.0,0.0
Speed Reducer,Dependent Space,36,2996.348164968529,1500,0.0,0.0
Speed Reducer,Dependent Space,37,2996.348164968529,1800,0.0,0.0
Speed Reducer,Dependent Space,39,2996.348164968529,1800,0.0,0.0
Speed Reducer,Dependent Space,40,2996.348164968529,1400,0.0,0.0
Speed Reducer,Dependent Space,41,2996.348164968529,1900,0.0,0.0
Speed Reducer,Dependent Space,44,2996.348164968529,1500,0.0,0.0
Speed Reducer,Dependent Space,42,2996.348164968529,1200,0.0,0.0
Speed Reducer,Dependent Space,43,2996.348164968529,1500,0.0,0.0
Speed Reducer,Dependent Space,45,2996.348164968529,2300,0.0,0.0
Robot Gripper,Static Penalty,3,100.01765512209188,24500,0.017651683973578924,0.017651683973578924
Speed Reducer,Dependent Space,46,2996.348164968529,1600,0.0,0.0
Robot Gripper,Static Penalty,2,100.0030304293686,22700,0.0030269917530163703,0.0030269917530163703
Speed Reducer,Dependent Space,47,2996.348164968529,1500,0.0,0.0
Robot Gripper,Static Penalty,1,100.00869417069244,21700,0.008690732882168014,0.008690732882168014
Speed Reducer,Dependent Space,48,2996.348164968529,1400,0.0,0.0
Robot Gripper,Static Penalty,4,100.00432860104767,20000,0.004325163387473432,0.004325163387473432
Speed Reducer,Dependent Space,49,2996.348164968529,700,0.0,0.0
Robot Gripper,Static Penalty,5,100.00071272892312,23800,0.0007092913872138406,0.0007092913872138406
Speed Reducer,Dependent Space,50,2996.348164968529,1400,0.0,0.0
Robot Gripper,Static Penalty,6,100.00966049893825,16500,0.009657061094759592,0.009657061094759592
Robot Gripper,Static Penalty,7,100.00539389633924,13600,0.005390458642421521,0.005390458642421521
Robot Gripper,Static Penalty,8,100.00463544193254,17700,0.00463200426178629,0.00463200426178629
Robot Gripper,Static Penalty,9,100.01012304619849,20500,0.010119608339100786,0.010119608339100786
Robot Gripper,Static Penalty,10,100.00229593344464,22000,0.002292495854314389,0.002292495854314389
Robot Gripper,Static Penalty,14,100.00241965922606,20700,0.0024162216314823595,0.0024162216314823595
Robot Gripper,Static Penalty,11,100.01106524622432,27100,0.011061808332545114,0.011061808332545114
Robot Gripper,Static Penalty,16,100.00449924421484,14000,0.004495806548773971,0.004495806548773971
Robot Gripper,Static Penalty,12,100.00323958257924,24300,0.003236144956474333,0.003236144956474333
Robot Gripper,Static Penalty,15,100.0053813956414,26900,0.005377957945001929,0.005377957945001929
Robot Gripper,Static Penalty,13,100.00156610936595,21500,0.0015626718007126861,0.0015626718007126861
Robot Gripper,Static Penalty,17,100.00490430596844,15000,0.004900868288446597,0.004900868288446597
Robot Gripper,Static Penalty,19,100.00892565103084,18500,0.008922213212610441,0.008922213212610441
Robot Gripper,Static Penalty,20,100.002174083699,19000,0.002170646112863764,0.002170646112863764
Robot Gripper,Static Penalty,18,100.00712256154377,12000,0.007119123787522762,0.007119123787522762
Robot Gripper,Static Penalty,21,100.00511707229292,23600,0.00511363460561337,0.00511363460561337
Robot Gripper,Static Penalty,23,100.0110960174354,19000,0.011092579542574095,0.011092579542574095
Robot Gripper,Static Penalty,22,100.0111193745642,19900,0.01111593667056761,0.01111593667056761
Robot Gripper,Static Penalty,25,100.00992063152655,19400,0.009917193674126652,0.009917193674126652
Robot Gripper,Static Penalty,24,100.00586666395812,21600,0.005863226245043684,0.005863226245043684
Robot Gripper,Static Penalty,26,100.00561146075174,24300,0.005608023047437372,0.005608023047437372
Robot Gripper,Static Penalty,28,100.00355383533918,24800,0.003550397705606988,0.003550397705606988
Robot Gripper,Static Penalty,27,100.00834903504489,28400,0.008345597246482634,0.008345597246482634
Robot Gripper,Static Penalty,31,100.00271804476414,21800,0.0027146071592986983,0.0027146071592986983
Robot Gripper,Static Penalty,30,100.00465294738278,18600,0.004649509711429464,0.004649509711429464
Robot Gripper,Static Penalty,29,100.00599981537252,26400,0.005996377654869322,0.005996377654869322
Robot Gripper,Static Penalty,32,100.00226962220655,14800,0.002266184617131013,0.002266184617131013
Robot Gripper,Static Penalty,33,100.00598230254218,18500,0.005978864825131644,0.005978864825131644
Robot Gripper,Static Penalty,35,100.00555163195028,17000,0.005548194248039607,0.005548194248039607
Robot Gripper,Static Penalty,36,100.00535023085298,15300,0.005346793157662857,0.005346793157662857
Robot Gripper,Static Penalty,37,100.00402298883864,21100,0.004019551188946085,0.004019551188946085
Robot Gripper,Static Penalty,38,100.00270256873308,19900,0.002699131128778458,0.002699131128778458
Robot Gripper,Static Penalty,41,100.0069527417444,18400,0.00694930399399275,0.00694930399399275
Robot Gripper,Static Penalty,39,100.00383578804347,18000,0.0038323504002135923,0.0038323504002135923
Robot Gripper,Static Penalty,40,100.00296224492254,17600,0.0029588073093100506,0.0029588073093100506
Robot Gripper,Static Penalty,43,100.00543092971384,22100,0.005427492015744757,0.005427492015744757
Robot Gripper,Static Penalty,42,100.01161284505018,24200,0.011609407139582317,0.011609407139582317
Robot Gripper,Static Penalty,44,100.01082354560964,23200,0.010820107726173615,0.010820107726173615
Robot Gripper,Static Penalty,45,100.00485445352749,13500,0.0048510158492080435,0.0048510158492080435
Robot Gripper,Static Penalty,46,100.00512454749278,25500,0.005121109805221735,0.005121109805221735
Robot Gripper,Static Penalty,47,100.00356926239,16100,0.003565824755902815,0.003565824755902815
Robot Gripper,Static Penalty,48,100.00244841863106,21900,0.002444981035491665,0.002444981035491665
Robot Gripper,Static Penalty,49,100.00297390488302,24100,0.002970467269387266,0.002970467269387266
Robot Gripper,Static Penalty,50,100.00443210012212,28100,0.004428662458357155,0.004428662458357155
Robot Gripper,Dependent Space,1,100.00000343751152,9400,0.0,0.0
Robot Gripper,Dependent Space,2,100.000305020758,2600,0.00030158323611559226,0.00030158323611559226
Robot Gripper,Dependent Space,4,100.00014118305852,12800,0.0001377455422585096,0.0001377455422585096
Robot Gripper,Dependent Space,5,100.00164477667984,8600,0.0016413391118946597,0.0016413391118946597
Robot Gripper,Dependent Space,6,100.00024057861992,9500,0.0002371411002481438,0.0002371411002481438
Robot Gripper,Dependent Space,3,100.0001484221008,4300,0.00014498458429971925,0.00014498458429971925
Robot Gripper,Dependent Space,8,100.000326520613,7400,0.00032308309037153187,0.00032308309037153187
Robot Gripper,Dependent Space,7,100.0011932021709,7200,0.0011897646184740763,0.0011897646184740763
Robot Gripper,Dependent Space,11,100.00061812000013,2700,0.0006146824674732993,0.0006146824674732993
Robot Gripper,Dependent Space,9,100.00028215046484,4000,0.00027871294373670524,0.00027871294373670524
Robot Gripper,Dependent Space,10,100.00081616527424,8400,0.000812727734783401,0.000812727734783401
Robot Gripper,Dependent Space,13,100.00115586042077,10800,0.0011524228696283315,0.0011524228696283315
Robot Gripper,Dependent Space,14,100.00005031039623,11200,4.687288309835373e-05,4.687288309835373e-05
Robot Gripper,Dependent Space,12,100.00081430113732,1800,0.0008108635979279871,0.0008108635979279871
Robot Gripper,Dependent Space,15,100.0007628687531,11200,0.000759431215470645,0.000759431215470645
Robot Gripper,Dependent Space,16,100.00043431406849,5800,0.0004308765421504037,0.0004308765421504037
Robot Gripper,Dependent Space,17,100.00074689909586,4300,0.0007434615587785599,0.0007434615587785599
Robot Gripper,Dependent Space,19,100.00023389938384,12700,0.00023046186439796702,0.00023046186439796702
Robot Gripper,Dependent Space,20,100.00100370600376,3400,0.0010002684578497697,0.0010002684578497697
Robot Gripper,Dependent Space,18,100.00055717186504,10200,0.0005537343344820067,0.0005537343344820067
Robot Gripper,Dependent Space,21,100.00065355091448,8400,0.0006501133806071215,0.0006501133806071215
Robot Gripper,Dependent Space,23,100.0000153728752,20600,1.1935363263108167e-05,1.1935363263108167e-05
Robot Gripper,Dependent Space,24,100.0000255963068,10900,2.2158794513406767e-05,2.2158794513406767e-05
Robot Gripper,Dependent Space,25,100.00006544474184,7900,6.200722818062768e-05,6.200722818062768e-05
Robot Gripper,Dependent Space,22,100.00071273571965,3500,0.0007092981837396157,0.0007092981837396157
Robot Gripper,Dependent Space,28,100.00003175293398,9400,2.8315421481392962e-05,2.8315421481392962e-05
Robot Gripper,Dependent Space,26,100.00123341961582,7500,0.0012299820620108185,0.0012299820620108185
Robot Gripper,Dependent Space,27,100.0011291646552,3100,0.0011257271049763173,0.0011257271049763173
Robot Gripper,Dependent Space,29,100.0004815294266,5500,0.000478091898635958,0.000478091898635958
Robot Gripper,Dependent Space,30,100.00064667841625,12700,0.0006432408826106404,0.0006432408826106404
Robot Gripper,Dependent Space,31,100.0002379123221,4900,0.0002344748025225982,0.0002344748025225982
Robot Gripper,Dependent Space,33,100.0008968437791,10800,0.0008934062368682242,0.0008934062368682242
Robot Gripper,Dependent Space,32,100.00159692808768,14700,0.0015934905213790115,0.0015934905213790115
Robot Gripper,Dependent Space,34,100.00064280619463,8900,0.0006393686611319482,0.0006393686611319482
Robot Gripper,Dependent Space,35,100.00019539774983,7800,0.00019196023171248454,0.00019196023171248454
Robot Gripper,Dependent Space,37,100.00027111574444,5800,0.00026767822371459896,0.00026767822371459896
Robot Gripper,Dependent Space,36,100.00058111610969,8800,0.0005776785783046112,0.0005776785783046112
Robot Gripper,Dependent Space,39,100.00031554526043,9400,0.0003121077381824773,0.0003121077381824773
Robot Gripper,Dependent Space,40,100.00004404697933,4600,4.0609466406755154e-05,4.0609466406755154e-05
Robot Gripper,Dependent Space,42,100.00011335835316,3700,0.00010992083785920361,0.00010992083785920361
Robot Gripper,Dependent Space,41,100.00022847438224,4700,0.00022503686298095362,0.00022503686298095362
Robot Gripper,Dependent Space,38,100.0004945036406,7400,0.0004910661121917832,0.0004910661121917832
Robot Gripper,Dependent Space,43,100.00066091343643,9600,0.0006574759023096901,0.0006574759023096901
Robot Gripper,Dependent Space,44,100.00000538524648,2300,1.9477348912539363e-06,1.9477348912539363e-06
Robot Gripper,Dependent Space,45,100.00022171759606,14800,0.00021828007703554372,0.00021828007703554372
Retaining Wall,Static Penalty,2,206.27498304380123,5600,10.707088712626454,10.707088712626454
Retaining Wall,Static Penalty,1,197.5463333382594,3500,6.0224518117587005,6.0224518117587005
Retaining Wall,Static Penalty,6,209.99052248333655,3600,12.701206216737724,12.701206216737724
Retaining Wall,Static Penalty,3,203.591177910798,6400,9.266699536185701,9.266699536185701
Retaining Wall,Static Penalty,8,204.8972839621025,10400,9.967682255254271,9.967682255254271
Retaining Wall,Static Penalty,4,209.97272615654168,4600,12.691654988080877,12.691654988080877
Retaining Wall,Static Penalty,9,204.7794742375929,3500,9.904454172866178,9.904454172866178
Retaining Wall,Static Penalty,7,222.9713310774329,5200,19.667962472793725,19.667962472793725
Retaining Wall,Static Penalty,5,202.2453815840031,3300,8.544415179929215,8.544415179929215
Retaining Wall,Static Penalty,10,208.22622615654168,6400,11.754314319893572,11.754314319893572
Robot Gripper,Dependent Space,46,100.0003850440184,6300,0.00038160649375980707,0.00038160649375980707
Robot Gripper,Dependent Space,47,100.00042195166196,2700,0.00041851413605289246,0.00041851413605289246
Robot Gripper,Dependent Space,49,100.00016316171627,4300,0.0001597241992589851,0.0001597241992589851
Robot Gripper,Dependent Space,48,100.00135484272256,4700,0.0013514051645847833,0.0013514051645847833
Robot Gripper,Dependent Space,50,100.00064183330272,2600,0.0006383957692543585,0.0006383957692543585
Retaining Wall,Static Penalty,11,202.3453815840031,6200,8.598084843152076,8.598084843152076
Retaining Wall,Static Penalty,12,200.10880003237483,2700,7.397719056688497,7.397719056688497
Retaining Wall,Static Penalty,13,209.85102248333655,4100,12.626337036541829,12.626337036541829
Retaining Wall,Static Penalty,14,202.4903815840031,2900,8.675905854825233,8.675905854825233
Retaining Wall,Static Penalty,15,209.18220395261855,12500,12.267384383533377,12.267384383533377
Retaining Wall,Static Penalty,16,208.31172615654168,13200,11.800201881949118,11.800201881949118
Retaining Wall,Static Penalty,18,208.23972615654168,4300,11.761559724428656,11.761559724428656
Retaining Wall,Static Penalty,17,198.5875500323748,5700,6.58126930491067,6.58126930491067
Retaining Wall,Static Penalty,20,206.8319520336698,4800,11.006012093744705,11.006012093744705
Retaining Wall,Static Penalty,19,204.7749742375929,7600,9.902039038021144,9.902039038021144
Retaining Wall,Static Penalty,21,208.23972615654168,6200,11.761559724428656,11.761559724428656
Retaining Wall,Static Penalty,22,204.068677910798,2800,9.52297217807487,9.52297217807487
Retaining Wall,Static Penalty,24,201.7062223186441,11200,8.255050217976182,8.255050217976182
Retaining Wall,Static Penalty,23,212.82347807549047,2200,14.221643942300005,14.221643942300005
Retaining Wall,Static Penalty,25,219.4295948519521,1100,17.767124568336026,17.767124568336026
Retaining Wall,Static Penalty,26,201.00266488988768,4700,7.877453315383172,7.877453315383172
Retaining Wall,Static Penalty,27,202.3353815840031,4600,8.592717876829795,8.592717876829795
Retaining Wall,Static Penalty,30,212.59847807549045,2700,14.10088720004855,14.10088720004855
Retaining Wall,Static Penalty,28,222.95487089377264,6300,19.6591283476574,19.6591283476574
Retaining Wall,Static Penalty,31,222.16281346501623,14100,19.234033793112165,19.234033793112165
Retaining Wall,Static Penalty,29,222.99633107743293,5300,19.68137988859946,19.68137988859946
Retaining Wall,Static Penalty,33,202.29538158400308,7400,8.571250011540638,8.571250011540638
Retaining Wall,Static Penalty,34,219.54861897482385,10300,17.83100441423527,17.83100441423527
Retaining Wall,Static Penalty,32,215.84007072908025,3100,15.840639060287277,15.840639060287277
Retaining Wall,Static Penalty,35,205.67697423759287,3200,10.386139400291365,10.386139400291365
Retaining Wall,Static Penalty,36,220.08918750554184,6100,18.121125724160393,18.121125724160393
Retaining Wall,Static Penalty,38,203.591177910798,6500,9.266699536185701,9.266699536185701
Retaining Wall,Static Penalty,39,213.2617744022853,4800,14.456876104808977,14.456876104808977
Retaining Wall,Static Penalty,37,206.46248304380123,2900,10.807719331169324,10.807719331169324
Retaining Wall,Static Penalty,40,214.96591146372128,8600,15.371480726537662,15.371480726537662
Retaining Wall,Static Penalty,41,200.98835746113124,3500,7.86977456655374,7.86977456655374
Retaining Wall,Static Penalty,42,200.1466759918492,4600,7.418046956580823,7.418046956580823
Retaining Wall,Static Penalty,44,213.26627440228532,8400,14.459291239654009,14.459291239654009
Retaining Wall,Static Penalty,43,201.4129259918492,2500,8.097639067140323,8.097639067140323
Retaining Wall,Static Penalty,45,219.49911897482383,5800,17.80443793093994,17.80443793093994
Retaining Wall,Static Penalty,48,203.636177910798,5400,9.290850884635999,9.290850884635999
Retaining Wall,Static Penalty,47,223.70018942449065,8900,20.05913829303135,20.05913829303135
Retaining Wall,Static Penalty,46,208.2487261565417,6000,11.76638999411872,11.76638999411872
Retaining Wall,Static Penalty,50,211.790579912093,7200,13.667290976569438,13.667290976569438
Retaining Wall,Static Penalty,49,197.54883333825936,9300,6.023793553339256,6.023793553339256
Retaining Wall,Dependent Space,5,242.4404,8100,30.11694619616263,30.11694619616263
Retaining Wall,Dependent Space,4,240.86435000000003,4400,29.271085468938708,29.271085468938708
Retaining Wall,Dependent Space,3,202.2048,9400,8.522635180464253,8.522635180464253
Retaining Wall,Dependent Space,1,199.3147,4000,6.971528243660272,6.971528243660272
Retaining Wall,Dependent Space,2,186.325,9600,0.0,0.0
Retaining Wall,Dependent Space,7,227.8934,6300,22.309620287132713,22.309620287132713
Retaining Wall,Dependent Space,6,205.608,14400,10.349121159264735,10.349121159264735
Retaining Wall,Dependent Space,13,222.93845000000005,3900,19.650315309271466,19.650315309271466
Retaining Wall,Dependent Space,10,210.5077,14600,12.978773648195363,12.978773648195363
Retaining Wall,Dependent Space,8,208.8871,8900,12.109003086005645,12.109003086005645
Retaining Wall,Dependent Space,15,217.6057,1800,16.788246343754206,16.788246343754206
Retaining Wall,Dependent Space,9,199.3867,9900,7.0101704011807335,7.0101704011807335
Retaining Wall,Dependent Space,12,208.8106,13900,12.067945793640149,12.067945793640149
Retaining Wall,Dependent Space,11,202.5173,4800,8.6903528780357,8.6903528780357
Retaining Wall,Dependent Space,14,222.1667,9000,19.23611968334899,19.23611968334899
Retaining Wall,Dependent Space,17,208.9231,8000,12.128324164765877,12.128324164765877
Retaining Wall,Dependent Space,16,199.40245,5300,7.0186233731383325,7.0186233731383325
Retaining Wall,Dependent Space,20,240.78560000000004,14900,29.22882060915071,29.22882060915071
Retaining Wall,Dependent Space,19,199.3867,13500,7.0101704011807335,7.0101704011807335
Retaining Wall,Dependent Space,18,190.7642,14700,2.3825036897893463,2.3825036897893463
Retaining Wall,Dependent Space,22,228.19675,4500,22.472427210519268,22.472427210519268
Retaining Wall,Dependent Space,21,223.8297,3800,20.12864618274521,20.12864618274521
Retaining Wall,Dependent Space,26,227.893,5000,22.309405608479814,22.309405608479814
Retaining Wall,Dependent Space,25,186.325,9300,0.0,0.0
Retaining Wall,Dependent Space,24,208.8106,7700,12.067945793640149,12.067945793640149
Retaining Wall,Dependent Space,27,204.025,6600,9.499530390446811,9.499530390446811
Retaining Wall,Dependent Space,23,190.1602,7400,2.05833892392326,2.05833892392326
Retaining Wall,Dependent Space,30,194.2825,4200,4.27076345095935,4.27076345095935
Retaining Wall,Dependent Space,28,195.882,5800,5.129209714209052,5.129209714209052
Retaining Wall,Dependent Space,29,199.3507,5000,6.9908493224205035,6.9908493224205035
Retaining Wall,Dependent Space,31,197.5019,13500,5.998604588756215,5.998604588756215
Retaining Wall,Dependent Space,33,208.5473,1200,11.926633570374356,11.926633570374356
Retaining Wall,Dependent Space,32,199.3867,11900,7.0101704011807335,7.0101704011807335
Retaining Wall,Dependent Space,34,190.2002,9300,2.0798067892124013,2.0798067892124013
Retaining Wall,Dependent Space,36,228.06760000000003,1900,22.40311284046695,22.40311284046695
Retaining Wall,Dependent Space,35,190.1602,8000,2.05833892392326,2.05833892392326
Retaining Wall,Dependent Space,37,211.42570000000003,5000,13.471461156581269,13.471461156581269
Retaining Wall,Dependent Space,40,216.38025,5100,16.130551455789615,16.130551455789615
Retaining Wall,Dependent Space,38,224.80565,3600,20.65243526096875,20.65243526096875
Retaining Wall,Dependent Space,39,194.2825,7500,4.27076345095935,4.27076345095935
Retaining Wall,Dependent Space,45,199.3867,8500,7.0101704011807335,7.0101704011807335
Retaining Wall,Dependent Space,43,208.9231,7700,12.128324164765877,12.128324164765877
Retaining Wall,Dependent Space,42,190.1202,5700,2.0368710586341194,2.0368710586341194
Retaining Wall,Dependent Space,41,199.2787,8800,6.95220716490004,6.95220716490004
Retaining Wall,Dependent Space,44,189.8497,9100,1.891694619616275,1.891694619616275
Retaining Wall,Dependent Space,46,199.3507,6200,6.9908493224205035,6.9908493224205035
Retaining Wall,Dependent Space,48,190.2002,10900,2.0798067892124013,2.0798067892124013
Retaining Wall,Dependent Space,49,227.893,4900,22.309405608479814,22.309405608479814
Retaining Wall,Dependent Space,47,191.43340000000003,4600,2.7416610760767726,2.7416610760767726
Retaining Wall,Dependent Space,50,188.0417,11100,0.9213471085468956,0.9213471085468956
